Writer,Content,Date,Like,Tag,Comments,Url
oneroommake,난 요즘 이런 취미들이 좋더라.. ☝️탐나는게 있다면 프로필 링크 클릭ㄱㄱ!,7-22,20.4K,"['#자취', '#자취생', '#자취방', '#방꾸미기']",79,https://www.tiktok.com/@oneroommake/video/7258487086192266514?q=%EC%B7%A8%EB%AF%B8
insta174,"크리스마스에 솔크라 할 거 없는 사란들에게 추천,, (나도 솔크다)",2021-12-20,2103,['#추천'],9,https://www.tiktok.com/@insta174/video/7043794243105623297?q=%EC%B7%A8%EB%AF%B8
daeyeon_11,님에게 회신 “남자들이 싫어하는 여자 취미”,2022-5-12,84.8K,['#남녀'],1534,https://www.tiktok.com/@daeyeon_11/video/7096833924164291841?q=%EC%B7%A8%EB%AF%B8
lee_jaezer00,이런거 키워본 사람 있음?ㅋㄱㅋㄱㅋㄱㅋ,2022-10-11,29.9K,"['#파트너크리에이터', '#화초']",111,https://www.tiktok.com/@lee_jaezer00/video/7153156919400647937?q=%EC%B7%A8%EB%AF%B8
kkukku_diy,망한 미니물레... 그 후 6개월 뒤🔥 Mini Pottery Wheel Re-try,8-10,41.6K,"['#미니물레', '#물레', '#취미', '#꾸꾸만들기']",228,https://www.tiktok.com/@kkukku_diy/video/7265635106340064513?q=%EC%B7%A8%EB%AF%B8
saving_bbibbi,,10-31,116.6K,"['#취미', '#현금생활', '#일상', '#저축', '#저축챌린지', '#moneychallenge', '#현금바인더', '#현금챌린지']",1037,https://www.tiktok.com/@saving_bbibbi/video/7296110872831806721?q=%EC%B7%A8%EB%AF%B8
djskamsis,취미템추천!,2021-11-20,29K,"['#다이소추천템', '#다이소']",168,https://www.tiktok.com/@djskamsis/video/7032456668298497281?q=%EC%B7%A8%EB%AF%B8
danah__art,🧑‍🚀🪐🛸✨,2022-2-24,303.1K,"['#우주', '#힐링아트', '#acrylicpainting', '#galaxy', '#fyp']",537,https://www.tiktok.com/@danah__art/video/7068197039200341249?q=%EC%B7%A8%EB%AF%B8
khs49024,미술학원 안 다녔는데 괜찮나요? 사실 몇년전에 취미반?으로 한달 다녔던 적이 있었는데 선긋기 재미없어서 두세번 가고 그뒤로 안갔음..,2022-6-18,103.4K,[],1525,https://www.tiktok.com/@khs49024/video/7110243309922045186?q=%EC%B7%A8%EB%AF%B8
nasu_up,방학엔 역시 취미활동이지🎨,2022-7-10,58.3K,"['#캠퍼스크리에이터', '#여름일기', '#다이소물감']",435,https://www.tiktok.com/@nasu_up/video/7118539847630867714?q=%EC%B7%A8%EB%AF%B8
amugana_ollrayoo,📣 여기 재밌는 거 다 모였다~🌀드루와ㅣ,7-22,2069,[],27,https://www.tiktok.com/@amugana_ollrayoo/video/7258288814265797889?q=%EC%B7%A8%EB%AF%B8
srt7942,가슴이커요,6-4,54.8K,"['#진자림', '#마젠타']",151,https://www.tiktok.com/@srt7942/video/7240511385350786311?q=%EC%B7%A8%EB%AF%B8
yageo,방학때 하기좋은 취미.!!,2022-7-13,2679,"['#취미', '#다이소', '#방학']",16,https://www.tiktok.com/@yageo/video/7119692718078577921?q=%EC%B7%A8%EB%AF%B8
a_rrra,NG🤣,2021-7-9,305.1K,"['#보석십자수', '#diamondpainting', '#asmr', '#취미', '#집콕생활', '#추천', '#fyp', '#추천해주세요']",1392,https://www.tiktok.com/@a_rrra/video/6982805246967860482?q=%EC%B7%A8%EB%AF%B8
kiieyyyya,님에게 회신 겨울방학 때 집 안에서 하기 딱 좋은 취미 추천 2탄!!,11-5,272,"['#추천', '#취미', '#취미추천', '#뜨개질', '#데코덴']",9,https://www.tiktok.com/@kiieyyyya/video/7297819917313723666?q=%EC%B7%A8%EB%AF%B8
nasu_up,나도 좋은 물감 사야겠어..,9-18,4564,['#프립'],32,https://www.tiktok.com/@nasu_up/video/7279941654100856072?q=%EC%B7%A8%EB%AF%B8
roiselle65,,10-4,25.9K,"['#포켓몬스터', '#에어팟', '#취미생활']",180,https://www.tiktok.com/@roiselle65/video/7285769891032960258?q=%EC%B7%A8%EB%AF%B8
boseoki4990,10대들이 가장 갖고 싶은 선물 best3 진짜야? 맞는사람 손🖐🖐 ㅡ,9-15,3785,"['#손글씨', '#캘리그라피', '#calligraphy', '#소통']",1201,https://www.tiktok.com/@boseoki4990/video/7278915620501015810?q=%EC%B7%A8%EB%AF%B8
user60552361529015,다 해본 사람이 알려주는 취미생활 추천🫶🏻 - (tmi.아니 이거 오류떠서 재업합니댜.. 제가 댓글을 달앗는데 0개로 보이구 막 그러네요.. 오늘 영상은 좀 마음에 안드는듯..? 하핳 사진이 뭔가 밝지가 않아용.. 그래도 재밌게 봐주세요!❤️‍🔥❤️‍🔥_평일에는 이제부터 2일 1영을 목표로 하겠습니당),10-17,25,[],7,https://www.tiktok.com/@user60552361529015/video/7290909705692564738?q=%EC%B7%A8%EB%AF%B8
ye_chan00,강오리가 야한 영상을 본다고...?,2021-6-9,111.4K,['#강오리를'],955,https://www.tiktok.com/@ye_chan00/video/6971769481194392833?q=%EC%B7%A8%EB%AF%B8
rodrick.fb,취미가 편집이면 생기는 일 💀💀,10-31,1424,"['#edit', '#fypシ']",93,https://www.tiktok.com/@rodrick.fb/video/7296077419528588562?q=%EC%B7%A8%EB%AF%B8
all.about.20s,너모 심심할 때,2020-1-25,52.1K,['#다이소취미템추천'],577,https://www.tiktok.com/@all.about.20s/video/6785657539909389569?q=%EC%B7%A8%EB%AF%B8
flory.__,취미 부자 수져미 오늘은 테라리움 만들기 출동!,11-1,2974,[],16,https://www.tiktok.com/@flory.__/video/7296439346075340034?q=%EC%B7%A8%EB%AF%B8
hobb7y,전부 지나갈 테니 아끼지 말자 우린 - J.TellA,9-27,276,[],19,https://www.tiktok.com/@hobb7y/video/7283500739802991880?q=%EC%B7%A8%EB%AF%B8
so22k8,남은 털실 활용하기,2-4,17.4K,"['#위빙', '#티코스터', '#weaving', '#공예']",54,https://www.tiktok.com/@so22k8/video/7195970493923462402?q=%EC%B7%A8%EB%AF%B8
minco_unni,흙 섞을 때 스트레스 주는 사람 떠올리면서 치면..? 오히려 좋아💜,1-29,3434,"['#파트너크리에이터', '#에듀톡', '#데이트코스']",25,https://www.tiktok.com/@minco_unni/video/7194026384300215554?q=%EC%B7%A8%EB%AF%B8
each.story,마지막 스포까지 봐주세요😊,2022-5-2,44.9K,"['#취미', '#추천']",200,https://www.tiktok.com/@each.story/video/7093144775930465537?q=%EC%B7%A8%EB%AF%B8
0happy01,몬가 아주 부족한 내 취미생활 ㅎㅎ 다음 그림 추천해주세용 최대한(?) 비슷하게 그려볼게용,2022-12-3,13.6K,"['#추천', '#취미', '#그림']",385,https://www.tiktok.com/@0happy01/video/7172846035100781826?q=%EC%B7%A8%EB%AF%B8
jh.___.97,취미활동을 함부로 하면 안되는 이유,4-18,42.7K,['#이따해'],329,https://www.tiktok.com/@jh.___.97/video/7223277603409497345?q=%EC%B7%A8%EB%AF%B8
tdlk_op,부반장의 은밀한 취미,2022-3-23,119.5K,"['#07', '#복싱', '#운동하는여자']",636,https://www.tiktok.com/@tdlk_op/video/7078291939937897729?q=%EC%B7%A8%EB%AF%B8
raindrop._.cos,친구에게 절대 들켜서는 안되는 취미,4-11,44.8K,"['#CapCut', '#cosplay', '#コスプレ', '#03', '#오타쿠한테만추천']",1085,https://www.tiktok.com/@raindrop._.cos/video/7220718318796279042?q=%EC%B7%A8%EB%AF%B8
kiity227,ㅇㄴ 씨발 나만 틱톡이 트위터 같냐? 초딩들이나 애기들이 많이 보는 틱톡에서 니들 찌찌 엉덩이 안보고싶어 씨ㅂ련들아 젖꼭지 보여주는게 취미임? 해읕 나 ㅈ꼭지 이러고 잇고 씨바 아저씨들 병싱같이 와 몸매가 쩔어요 이지랄 개역겹다 토나온다 이 ㅋ시발 방에서 쳐 박혀서 맨날 그딴거 보면서 히히 거리는 병싱같읔ㄴ년들아 그만해라 ㅗ 반박시 복숭아 아이스티 가루로 만들어버림,6-18,3371,[],387,https://www.tiktok.com/@kiity227/video/7245853315563556098?q=%EC%B7%A8%EB%AF%B8
thddl7214,제가만든 도자기에 신박한 이름을 지어주세요🩷 힐링하고싶은 취미생활을 찾으신다면 도자기만들기 어떤가요?,9-23,3502,[],26,https://www.tiktok.com/@thddl7214/video/7281908149546749202?q=%EC%B7%A8%EB%AF%B8
guk.hwa,,11-4,31.1K,"['#사복폴', '#청바지폴링', '#폴댄스', '#폴영상', '#운동', '#추천', '#추천떠라']",253,https://www.tiktok.com/@guk.hwa/video/7297575317475020033?q=%EC%B7%A8%EB%AF%B8
kidari192,“방구석 히키코모리의 또 다른 취미”,1-29,1.1M,"['#키다리아저씨', '#foryou', '#xyzbca', '#typ', '#4u', '#stitch']",11.6K,https://www.tiktok.com/@kidari192/video/7193966858150726914?q=%EC%B7%A8%EB%AF%B8
oneroommake,뭐 하나 쉬운게 없는 극악 난이도 취미들ㄷㄷ ☝️도전해보고 싶은게 있다면 프로필 링크 클릭ㄱㄱ!,9-19,2806,"['#자취', '#자취방']",30,https://www.tiktok.com/@oneroommake/video/7280428523238460680?q=%EC%B7%A8%EB%AF%B8
georidan_gil,진지한 취미입니다😆,1-27,6624,"['#카취만', '#카페는취미입니다만', '#사상카페']",81,https://www.tiktok.com/@georidan_gil/video/7193173999583497473?q=%EC%B7%A8%EB%AF%B8
mhs_4444,천량 체육복 재출시!!! 바로 사버렸네...,11-23,809,"['#외모지상주의', '#진호빈', '#천태진', '#천량', '#천량체육복', '#추천']",36,https://www.tiktok.com/@mhs_4444/video/7304595192844242178?q=%EC%B7%A8%EB%AF%B8
yxxnwest.k,외고생의 은밀한 취미..랄까요 5sos-flatline,1-23,17K,[],143,https://www.tiktok.com/@yxxnwest.k/video/7191703258161777922?q=%EC%B7%A8%EB%AF%B8
boseoki4990,‼️진짜 착한애들 공통된 특징🌈 신기하게 맞는것 같아 ㅎㅎ,2-6,18.7K,"['#재미', '#착한애들특징', '#테스트', '#성격', '#취미']",1702,https://www.tiktok.com/@boseoki4990/video/7197037971046944002?q=%EC%B7%A8%EB%AF%B8
l_ovehean,드럼 취미생의 QWER-discord 연주🥁 가사도 멜로디도 너무 신나고 좋아ㅠㅠ🥰 드럼여신 쵸단님 화이팅!!,1주 전,34.9K,[],37,https://www.tiktok.com/@l_ovehean/video/7305665510929075474?q=%EC%B7%A8%EB%AF%B8
kimming0_0,여친 놀리기에 이렇게 진심인 사람 못 봄,10-6,13.5K,['#닥밍커플'],40,https://www.tiktok.com/@kimming0_0/video/7286768266180087048?q=%EC%B7%A8%EB%AF%B8
minco_unni,"즐거운 추석보내고 계신가요?🍁 분명 엊그제까지 더웠던 것 같은데 어느새 쌀쌀한 바람에 긴팔을 챙겨 입게 되네요. 가을이 오니까 올 한해가 얼마 남지 않았다는 생각에 마음이 싱숭생숭 해졌어요. 그래서 저는 새로운 취미 생활로 일상을 채우고 있는데요. 강남에 있는 아트마스 화실에서 백드롭 페인팅에 도전해봤습니다. 이렇게 하얗고 큰 캔버스를 채워본 적이 없었는데 이번에 제 마음을 물감으로 표현해 나가면서 복잡했던 마음이 정리가 되는 기분이 들었어요🖼️ 2002년에 노벨 경제학상을 받은 심리학자 Daniel Kahneman(1999)는 기억은 경험을 하는 동안 가장 강렬했던 순간과 그 경험의 마지막 순간에 의해 영향을 받는다고 해요. 이번에 작품을 만들면서 캔버스에 첫 물감을 칠한 순간과 작품을 완성한 순간이 인상깊었는데요. 그 감각을 잊지 않고 제가 무언가 새로운 시도를 할 때마다 잘할 수 있다는 믿음으로 사용해보려고 합니다✨ 3개월 정도 남은 2023년 나만의 색으로 채워나가는 시간 되시길 바랄게요! 아트마스 [백드롭 페인팅] 🎨 프립 예약 🗓️ 프립 어플 내 클래수 일정 확인(월, 금 휴무) 📍서울시 서초구 강남대로 381 두산베어스텔 606호",9-28,1280,[],8,https://www.tiktok.com/@minco_unni/video/7283858787151187201?q=%EC%B7%A8%EB%AF%B8
dyjxewciabfw,주먹왕 랄프2 1인다역 더빙,8-24,6410,"['#08', '#더빙', '#주먹왕랄프2', '#더빙애니메이션', '#추천', '#추천간판', '#fyp']",67,https://www.tiktok.com/@dyjxewciabfw/video/7270872814024985857?q=%EC%B7%A8%EB%AF%B8
review_horang,다이소 책상 정리 꿀템 추천!!!!!,2022-12-12,33.2K,"['#겨울준비템', '#추천', '#fyp', '#다이소추천템']",172,https://www.tiktok.com/@review_horang/video/7176198681492868354?q=%EC%B7%A8%EB%AF%B8
kangmin03,[],2020-6-19,112.2K,[],0,https://www.tiktok.com/@kangmin03/video/6840068578599881986?q=%EC%B7%A8%EB%AF%B8
mongsil1987,좋았어~~~~ㅋㅋㅋㅋㅋㅋㅋㅋ,9-12,22.8K,"['#웃긴짤', '#릴스', '#팔로우', '#인스타', '#재미', '#일상', '#수영장']",264,https://www.tiktok.com/@mongsil1987/video/7277855269743234311?q=%EC%B7%A8%EB%AF%B8
minco_unni,장마철,7-8,580,"['#취미생활', '#비누만들기', '#취미']",10,https://www.tiktok.com/@minco_unni/video/7253283661125143809?q=%EC%B7%A8%EB%AF%B8
yeon__si__1004,나 진짜 쌈마이웨이 너무 좋아 이거 한번 봐주세요 진짜 댕 꿀잼,2021-9-3,3164,[],16,https://www.tiktok.com/@yeon__si__1004/video/7003565274142149889?q=%EC%B7%A8%EB%AF%B8
1minsranking,"남들은 잘 안하는, 남자 연예인들의 '은밀한 취미 생활'",2-8,13.4K,[],251,https://www.tiktok.com/@1minsranking/video/7197657293276646657?q=%EC%B7%A8%EB%AF%B8
gung_ye_,취미가 남다른 누나,7-18,2224,[],33,https://www.tiktok.com/@gung_ye_/video/7256895380346948866?q=%EC%B7%A8%EB%AF%B8
daeyeon_11,@yumi__1121,2022-5-14,8550,['#공감'],136,https://www.tiktok.com/@daeyeon_11/video/7097464095825333505?q=%EC%B7%A8%EB%AF%B8
ohlyhua,다음에는 수채화로 풍경 그리기 도전해 볼거예요😆‼️✨,1-14,3446,"['#tloger', '#티로거', '#그림', '#미술', '#풍경화', '#취미생활']",62,https://www.tiktok.com/@ohlyhua/video/7188404725811891458?q=%EC%B7%A8%EB%AF%B8
starstarranking,여자친구 취미로 어떤것이 좋을까요?,2022-7-21,249,"['#여자', '#취미', '#여성들', '#top5', '#추천', '#랭킹', '#순위']",19,https://www.tiktok.com/@starstarranking/video/7122723618710146305?q=%EC%B7%A8%EB%AF%B8
bakaku355,로블록스 더 미믹 / Roblox the mimic 북2 챕터1 / book2 chapter1,2022-12-15,78K,"['#맵이름', '#더미믹', '#the_mimic', '#로블록스']",1172,https://www.tiktok.com/@bakaku355/video/7177024432458747137?q=%EC%B7%A8%EB%AF%B8
adventurer_cho,힐링취미 추천💚 나만의 작은 세계 만들기🌿 내가 직접 고른 식물과 피규어로 테라리움 만들어보기! 🏠해피에버애프터 📍서울 종로구 인사동길 44 1층 G1-12d호,10-25,2055,[],21,https://www.tiktok.com/@adventurer_cho/video/7293861011952569601?q=%EC%B7%A8%EB%AF%B8
snsmusic2302,취미생인데 실력 난리나는 초등학생✨,8-18,5178,"['#마크툽', '#오늘도빛나는너에게', '#오빛너']",151,https://www.tiktok.com/@snsmusic2302/video/7268529013344210177?q=%EC%B7%A8%EB%AF%B8
lyell_vnt,안녕하세요 부산 영상예술고 1학년 7반 반장 입니다✨ ( 🤫 반장의 은밀한 취미 🤫 ) @lyell__veneta,2022-7-14,95.2K,['#Lyellveneta'],1766,https://www.tiktok.com/@lyell_vnt/video/7120142277762174210?q=%EC%B7%A8%EB%AF%B8
allways_young01,"""당근마켓 은밀한 취미"" 2편",2022-3-29,48.5K,['#틱톡순삭별들의미션'],210,https://www.tiktok.com/@allways_young01/video/7080379851730898177?q=%EC%B7%A8%EB%AF%B8
1minsangsic,특이한 취미를 가진 연예인들,2022-11-7,32.9K,"['#파트너크리에이터', '#틱톡교실']",312,https://www.tiktok.com/@1minsangsic/video/7163248072405912834?q=%EC%B7%A8%EB%AF%B8
kkukku_diy,"// 플루이드 아트 할때마다 드는 생각..🤔 저만 그런가요? Every time I do Fluid Art, I think… #플",7-2,41.5K,['#플'],322,https://www.tiktok.com/@kkukku_diy/video/7251164477301755154?q=%EC%B7%A8%EB%AF%B8
ring4028,초등친구들과 볼링모임,1-26,1392,"['#tlog', '#vlog', '#파트너크리에이터', '#볼링', '#링링언니', '#해리컴티', '#올카바']",50,https://www.tiktok.com/@ring4028/video/7192888846382648578?q=%EC%B7%A8%EB%AF%B8
oddboom,아이패드로 색칠공부 취미만들기 💙,8-4,8131,"['#아이패드', '#아이패드드로잉', '#컬러링북', '#아이패드', '#ipad']",79,https://www.tiktok.com/@oddboom/video/7263428359969967362?q=%EC%B7%A8%EB%AF%B8
oneroommake,"요즘따라 지치거나 우울한 사람들은 8번, 9번 해보셈.. 진짜 힐링됨..🥺 ☝️탐나는게 있다면 프로필 링크 클릭ㄱㄱ!",6-30,14.5K,[],65,https://www.tiktok.com/@oneroommake/video/7250353134466239762?q=%EC%B7%A8%EB%AF%B8
yul_army_0613,[협찬] 취미 활동으로 향수만들기 어때요?🌷구매는 에이블리-세인트가든,10-29,2090,"['#추천', '#향수', '#향수만들기', '#diy']",20,https://www.tiktok.com/@yul_army_0613/video/7295274464898534658?q=%EC%B7%A8%EB%AF%B8
rue0426,여러분에 케플러 최애는 누구인가요?,2021-11-20,85.1K,['#케플러'],1137,https://www.tiktok.com/@rue0426/video/7032556190630563074?q=%EC%B7%A8%EB%AF%B8
ytnscience,,2021-9-6,3937,"['#에듀톡', '#edutok', '#합격꿀팁챌린지']",29,https://www.tiktok.com/@ytnscience/video/7003517656410213633?q=%EC%B7%A8%EB%AF%B8
turnup_dj,그녀의 취미,7-3,414,"['#부산디팡', '#디팡', '#디스코팡팡', '#레전드']",3,https://www.tiktok.com/@turnup_dj/video/7251549043325766914?q=%EC%B7%A8%EB%AF%B8
kimmikyung17,,2021-5-16,265,"['#김미경', '#열정대학생', '#mkyu', '#인생조언']",10,https://www.tiktok.com/@kimmikyung17/video/6962879629275221249?q=%EC%B7%A8%EB%AF%B8
521.22,짓궂은 취미,7-5,18.2K,['#pov'],119,https://www.tiktok.com/@521.22/video/7252238123575381249?q=%EC%B7%A8%EB%AF%B8
ooo_ooo_o_,취미: 포우 고도비만만들기,2022-7-26,4263,"['#포우', '#pou', '#Pou']",140,https://www.tiktok.com/@ooo_ooo_o_/video/7124330959016692993?q=%EC%B7%A8%EB%AF%B8
patissier06,집에 짱박혀서 취미생활 즐기는 나는야 인프피,2022-1-23,174.9K,"['#foryou', '#베이킹', '#추천', '#06', '#05']",723,https://www.tiktok.com/@patissier06/video/7056147367006866689?q=%EC%B7%A8%EB%AF%B8
ytbeforegotobed,취미를 강요하는 여친,9-12,792,"['#웃긴영상', '#웃긴', '#웃긴짤']",53,https://www.tiktok.com/@ytbeforegotobed/video/7277730761959132418?q=%EC%B7%A8%EB%AF%B8
jimni062,"@@공방데이트 하러 가자! 시간 가는 줄 몰랐던 꿀잼 원데이클래스🤎 제가 만든 카드지갑은 별자리/이니셜 각인 모두 선택이라 별자리만 혹은 이니셜만 각인도 가능해용 생각보다 어렵지도 않고, 선생님이 엄청 친절하시구 잘 도와주셔서 못 만들 수가 없음ㅎㅎ 저는 취미어플 프립에서 예약했는데 카드지갑 외에도 에어팟케이스, 키링 등 다양한 가죽 제품 만들기 가능!! 대학로 놀러가면 연극보구, 요기서 세상에 하나뿐인 카드지갑 만드는 데이트 코스 추천해용🫶 📍레더레스트 서울시 종로구 성균관로19 302호",4일 전,616,[],3,https://www.tiktok.com/@jimni062/video/7306865931525901586?q=%EC%B7%A8%EB%AF%B8
jjalcut,공부가 재밌어진다는 전세계 인기필기구 TOP3 !,2022-10-2,79K,"['#파트너크리에이터', '#필기구', '#필기구추천']",442,https://www.tiktok.com/@jjalcut/video/7149890701420006658?q=%EC%B7%A8%EB%AF%B8
lea_navvab,카페 알바생의 두얼굴🤫 1탄 When there are no customers in the cafe 🤫,2021-9-21,638.4K,"['#카페알바생', '#두얼굴', '#은밀한취미']",3270,https://www.tiktok.com/@lea_navvab/video/7010298153723235586?q=%EC%B7%A8%EB%AF%B8
tomi._31,여러분 안녕하세욥!! 오늘은 취미를 하나 만들려고 뜨개질을 배웠어요!! 앞으로도 뜨개질 영상 찍으면서 여러분과 대화도 해볼까 합니다!! 그럼 오늘도 좋은 하루 되세요🫶🏻,3일 전,964,[],39,https://www.tiktok.com/@tomi._31/video/7307304625877634305?q=%EC%B7%A8%EB%AF%B8
home.ing,의 은밀한 취미?🏠 식빵 수세미 뜨기!🍞🧵,2022-2-25,2251,"['#집순이', '#뜨개질', '#바느질', '#식빵', '#수세미', '#퐁퐁', '#설거지']",48,https://www.tiktok.com/@home.ing/video/7068558477194562817?q=%EC%B7%A8%EB%AF%B8
beauty.fo_ol,에 처음 간,2022-10-14,26.4K,"['#댄스학원', '#트레이너', '#학원', '#선생님']",133,https://www.tiktok.com/@beauty.fo_ol/video/7154276044017618178?q=%EC%B7%A8%EB%AF%B8
centibeauty,"가는날 드뎌 살짜쿵 맛보기 만큼 찍어옴,,헤",7-16,5276,['#피겨'],15,https://www.tiktok.com/@centibeauty/video/7256387449515986184?q=%EC%B7%A8%EB%AF%B8
chaeani_beauty,"셀프 네일러의 방구석 취미생활, 나만의 취미 공간 영상 입니다😊 봐주셔서 감사합니다♡",7-4,563,"['#셀프', '#셀프네일']",27,https://www.tiktok.com/@chaeani_beauty/video/7251868426178678017?q=%EC%B7%A8%EB%AF%B8
joodoonge,여친한테 걸리면 X되는 취미,7-18,1446,"['#주둥이', '#주둥이방송', '#웃긴동영상']",5,https://www.tiktok.com/@joodoonge/video/7256843460995452162?q=%EC%B7%A8%EB%AF%B8
parcjaejung,[Live] 박재정 - 취미 노래 많이 들어주세요.#박재정,2021-8-4,1727,"['#pa', '#ho', '#fr']",117,https://www.tiktok.com/@parcjaejung/video/6992556559570111746?q=%EC%B7%A8%EB%AF%B8
daye_laye,나 취미로 피겨 배울래.. 나두 잘 타고 싶당 ㅠ,2022-11-18,36.3K,"['#크리스마스', '#스위스', '#국제커플', '#데이트']",152,https://www.tiktok.com/@daye_laye/video/7167323308046683393?q=%EC%B7%A8%EB%AF%B8
dyo83xcm0r2,[],2022-2-19,31.4K,['#추천추천추천추천추천추천추천추천추천추천'],0,https://www.tiktok.com/@dyo83xcm0r2/video/7066383400344489218?q=%EC%B7%A8%EB%AF%B8
sisteryell,옐 취미는 보석십자수ㅎㅋ 5일걸려 2만개 보석을 다 박았다.,2020-5-17,736.2K,['#주말일상'],7139,https://www.tiktok.com/@sisteryell/video/6827720734303915265?q=%EC%B7%A8%EB%AF%B8
koktv_official,여러분의 취미는 뭐예요🙄❓ 댓글로 남겨주세요~!,2021-8-4,3925,"['#강파랑', '#손상연', '#이시원', '#양혜지', '#콬TV']",37,https://www.tiktok.com/@koktv_official/video/6992497780396739842?q=%EC%B7%A8%EB%AF%B8
jjaltalk9696,취미로 술을 배우기 시작한 초아,8-28,492,"['#추천', '#틱톡순삭', '#꿀잼', '#코미디', '#웃긴영상']",21,https://www.tiktok.com/@jjaltalk9696/video/7272314462202318082?q=%EC%B7%A8%EB%AF%B8
mxowong,선물 진심으로 감사합니다🫶,7-14,4298,['#추천'],80,https://www.tiktok.com/@mxowong/video/7255609374918429953?q=%EC%B7%A8%EB%AF%B8
fox98700,가끔은 나를 위한 시간이 필요한 것 같아요. 온전히 나에게 집중할 수 있는 취미생활,7-19,3118,[],30,https://www.tiktok.com/@fox98700/video/7257413134313426194?q=%EC%B7%A8%EB%AF%B8
play_gomc,안녕하세요~ 평생 놀고 싶은 남자 곰씨입니다! 같이놀아요!!,2019-9-28,4163,"['#juggling', '#저글링', '#틱톡교실', '#탈잉', '#세상의모든재능']",71,https://www.tiktok.com/@play_gomc/video/6741607570798103809?q=%EC%B7%A8%EB%AF%B8
bgulecss,저의 37383747473734번째 취미 🌝✨,8-24,56,"['#취미생활', '#재밌게봐주세요', '#추천', '#한국어', '#헤헷']",3,https://www.tiktok.com/@bgulecss/video/7270807425433783554?q=%EC%B7%A8%EB%AF%B8
nayeon0721,리본으로 뜨개 가방 만들기🎀⭐️,11-7,6256,"['#리본', '#뜨개가방', '#리본뜨개가방', '#ribbon', '#ribboncrochet']",46,https://www.tiktok.com/@nayeon0721/video/7298683190909127944?q=%EC%B7%A8%EB%AF%B8
one_home_life,"‼난독증 자취생도 재밌어서 완독하는 꿀잼 책 추천‼술술술술 읽히는데 재밌기까지 해 무야호~!👀👏🏻@첫장만 너덜너덜한 너 참고,,,^^",2022-5-18,995,[],3,https://www.tiktok.com/@one_home_life/video/7098986891235659009?q=%EC%B7%A8%EB%AF%B8
daeyeon_11,“여자들이 좋아하는 남자 취미”,2022-5-13,3639,"['#공감', '#남녀']",87,https://www.tiktok.com/@daeyeon_11/video/7097150803697224962?q=%EC%B7%A8%EB%AF%B8
jdgystudio,처음 만난 한국인에게 욕하는 다나카,6-28,3994,"['#인제', '#취미', '#롯데월드', '#인기', '#애버랜드', '#공포']",28,https://www.tiktok.com/@jdgystudio/video/7249594795008478472?q=%EC%B7%A8%EB%AF%B8
ha.na2299,,8-30,8396,"['#diy', '#penholder', '#papercraft', '#handmade', '#decor', '#home']",14,https://www.tiktok.com/@ha.na2299/video/7273090261218053383?q=%EC%B7%A8%EB%AF%B8
freetime.j,🧗🏻‍♂️ 클라이밍이 이렇게 재미있는 거였어? 📍목동 클라이밍 센터,7-25,217,"['#프립', '#서울', '#핫플추천', '#취미추천', '#클라이밍']",1,https://www.tiktok.com/@freetime.j/video/7259661108376538369?q=%EC%B7%A8%EB%AF%B8
thddl7214,이번엔 좀 특이하게 만들어봤어요~~ 이 하트쉐이커에 이름을 지어주세용😝ㅋㅋㅋㅋ,2021-7-9,406K,"['#틱톡쌤', '#메이저스']",2642,https://www.tiktok.com/@thddl7214/video/6982885470275489025?q=%EC%B7%A8%EB%AF%B8
malcongchu,마이멜로디 색칠하기✨✨,1-9,14.7K,"['#마이멜로디색칠하기', '#추천', '#취미생활', '#추천떠라']",114,https://www.tiktok.com/@malcongchu/video/7186536983827696897?q=%EC%B7%A8%EB%AF%B8
sgbg_top,처제의 취미 (SUB),8-23,891,[],4,https://www.tiktok.com/@sgbg_top/video/7270337439657397536?q=%EC%B7%A8%EB%AF%B8
hakumool,너의 절반을 내게 줄래?🕷️🕸️,8-30,61.7K,"['#tiktoksports', '#swimming', '#diver', '#diving', '#jolyn', '#gopro']",139,https://www.tiktok.com/@hakumool/video/7273010113223478536?q=%EC%B7%A8%EB%AF%B8
1minute..__,결혼은 러시아 누나랑 해야하는 이유,1-18,63.3K,[],1330,https://www.tiktok.com/@1minute..__/video/7189845108416662785?q=%EC%B7%A8%EB%AF%B8
jieun148,대딩의 은밀한 취미 틱톡 ( ˃ ⩌˂)*,10-22,903,[],50,https://www.tiktok.com/@jieun148/video/7292791334790909185?q=%EC%B7%A8%EB%AF%B8
haemjjeo030,내향인 남자의 은밀한 취미💤,11-5,18K,"['#cartoon', '#comic', '#anime']",50,https://www.tiktok.com/@haemjjeo030/video/7297853072682896647?q=%EC%B7%A8%EB%AF%B8
__limimi,특별한 나만의,8-17,17.5K,"['#핑거니팅', '#거울', '#만들기', '#집꾸미기', '#인테리어', '#홈', '#방꾸미기', '#소품']",3,https://www.tiktok.com/@__limimi/video/7268190817154551042?q=%EC%B7%A8%EB%AF%B8
sallim_after_work,1000원짜리 다이소 꿀템으로 이거 만들어 보실래요? 1) 짧은뜨기 2)긴뜨기 3)한길긴뜨기 이 3가지 기법만 알면 귀요미 소품들 만들 수 있어요!👌,3-5,2193,[],47,https://www.tiktok.com/@sallim_after_work/video/7207030808232627458?q=%EC%B7%A8%EB%AF%B8
chokhyeong,썸탈때 극호감되는 여자의 행동,9-24,37.3K,[],170,https://www.tiktok.com/@chokhyeong/video/7282389408681102594?q=%EC%B7%A8%EB%AF%B8
bru_pen,국어생활 마스터 도전,2021-2-12,48.9K,"['#손글씨', '#취미생활', '#디지털드로잉', '#추천', '#예쁜글씨', '#satisfying']",1901,https://www.tiktok.com/@bru_pen/video/6928245506959215874?q=%EC%B7%A8%EB%AF%B8
thisismamma1103,맨날 생각만 하던 운동을 하기로 결심했다!,2-28,6108,"['#배드민턴라켓', '#배드민턴클럽', '#도봉동', '#도봉중학교']",39,https://www.tiktok.com/@thisismamma1103/video/7205216683181624578?q=%EC%B7%A8%EB%AF%B8
thddl7214,오늘은 알콜잉크를 사용해 무지개 티코스터만들기😝 무지개색으로 영상올리는게 많네용~~ 완성본은 내일 올릴예정입니당🥳 이쁘게봐주세요❤️❤️,2020-11-22,90.2K,[],491,https://www.tiktok.com/@thddl7214/video/6897793066816507138?q=%EC%B7%A8%EB%AF%B8
coax_illust,✨프로작가의 눈 그리는 방법!✨HOW TO DRAW EYES,2022-10-14,63.2K,"['#그림잘그리는법', '#그림꿀팁', '#취미미술', '#일러스트']",244,https://www.tiktok.com/@coax_illust/video/7154303111228558593?q=%EC%B7%A8%EB%AF%B8
ballet_0317,진짜 발등선 이쁘게 나오게 하는법 없나요😿,2021-7-24,5146,[],61,https://www.tiktok.com/@ballet_0317/video/6988488445135981826?q=%EC%B7%A8%EB%AF%B8
frip_korea,"🪴 세상에 하나뿐인 나만의 식물 만들기 유리병 안에서 쉽게 키울 수 있는 실내 공기정화 식물! 유리와 피규어를 고르고, 촉촉한 흙을 만지며 나만의 반려 식물을 만들어 보아요 :) 제작 시 필요한 도구들은 모두 제공해 드린다는 점! 같이 식물 만들러 가고 싶은 친구 태그하기🫶 @@아 같이 식물 만들러 가자! 더 자세한 내용 및 예약은 🔎 프로필 링크 내 프립 앱에서 <[종로] 나만의 반려식물, 테라리움 만들기> 검색! 세상 모든 취미 여가의 시작, 프립",9-12,175,[],2,https://www.tiktok.com/@frip_korea/video/7277784755704302849?q=%EC%B7%A8%EB%AF%B8
lechat.vv,My secret hobby 나의 은밀한(?) 취미생활🤭,7-27,1708,"['#lechat', '#fyp', '#dance', '#hongdae', '#busking']",20,https://www.tiktok.com/@lechat.vv/video/7260323956178078984?q=%EC%B7%A8%EB%AF%B8
wowsung.tw,당신의 외모는요? part.2,2일 전,5125,"['#우와성', '#유튜브']",10,https://www.tiktok.com/@wowsung.tw/video/7307502340389506322?q=%EC%B7%A8%EB%AF%B8
lilsuntoday,내 첫 러그 ♥️,2021-1-26,7344,"['#취미', '#러그만들기', '#하트', '#하트러그', '#하나뿐인러그', '#성공적', '#취미만들기', '#rug']",49,https://www.tiktok.com/@lilsuntoday/video/6921960513849003266?q=%EC%B7%A8%EB%AF%B8
bellybuttonthief,파쿠르하는 만화 part.1,2022-11-5,25.9K,[],116,https://www.tiktok.com/@bellybuttonthief/video/7162372830179446017?q=%EC%B7%A8%EB%AF%B8
_mayming,세상에 이런일이 방송 시절🫣,7-10,4284,"['#킹받는자막', '#취미생활', '#쏘잉', '#드레스', '#SBS', '#tvshow']",10,https://www.tiktok.com/@_mayming/video/7254101890487684359?q=%EC%B7%A8%EB%AF%B8
kbsnewsofficial,"한 경찰관이 휴일이 아닌, 엄연한 근무 시간에 취미 삼아 체육관을 드나들었다는 이유로 적발돼 징계를 받게 됐습니다.",9-26,5206,[],761,https://www.tiktok.com/@kbsnewsofficial/video/7282931606749203730?q=%EC%B7%A8%EB%AF%B8
nimofish_,바다 느낌 실링왁스 찍기!,8-15,3391,"['#실링왁스', '#실링왁스스탬프', '#실링스탬프', '#취미생활', '#sealingwax']",41,https://www.tiktok.com/@nimofish_/video/7267497303542336770?q=%EC%B7%A8%EB%AF%B8
sndnskxkxak,남고생들의 은밀한 취미,11-8,145,"['#07', '#남고생', '#정서현', '#춫ᅥᄂ춫언추천춫천추천춫처ᄂ추천추천추천']",0,https://www.tiktok.com/@sndnskxkxak/video/7299069419974692098?q=%EC%B7%A8%EB%AF%B8
na_ddoodi,저의 최애 틱톡커 씨씨코 💛 어때요 닮았나요? 여러분의 최애 틱톡커는?!,2022-1-5,92.9K,"['#씨씨코', '#드로잉', '#일러스트']",3149,https://www.tiktok.com/@na_ddoodi/video/7049707829669809409?q=%EC%B7%A8%EB%AF%B8
daeyeon_11,“여자들이 싫어하는 남자들 취미”,2022-5-11,23.8K,"['#공감', '#남녀']",215,https://www.tiktok.com/@daeyeon_11/video/7096377246339927298?q=%EC%B7%A8%EB%AF%B8
yoyojongki,제일 오래된 요요요?,2022-12-22,15K,"['#질문', '#답변', '#와이제이요요', '#장난감']",394,https://www.tiktok.com/@yoyojongki/video/7179743864356441346?q=%EC%B7%A8%EB%AF%B8
lovejuly7,잠자기전 듣기좋은 음악 추천좀요!,3-5,7114,"['#취미생활', '#fyp', '#decoden', '#데코덴파츠']",80,https://www.tiktok.com/@lovejuly7/video/7206987456812584194?q=%EC%B7%A8%EB%AF%B8
eunu._.3,울 엄마가 나 베이킹 한다고 틀이랑 오븐 사주셔쪄 ❤️🙈 고마워 사랑해 엄마,2022-8-21,801,"['#엄마선물', '#고마워', '#미니오븐']",31,https://www.tiktok.com/@eunu._.3/video/7134343745914309890?q=%EC%B7%A8%EB%AF%B8
momoring._7,"저는 .. 있어요 다른 취미도 ,, ❤️",8-4,125,"['#리멘트', '#rement', '#mini', '#쇼츠', '#asmr', '#고전문구']",8,https://www.tiktok.com/@momoring._7/video/7263429677971279112?q=%EC%B7%A8%EB%AF%B8
leesiyoung38,내 취미는 독서,2022-10-5,155.1K,"['#키위랩', '#kiwelab', '#이시영']",3084,https://www.tiktok.com/@leesiyoung38/video/7150847504714681602?q=%EC%B7%A8%EB%AF%B8
junmom_handmade,Black pink shaker 만들어 봤어요🖤💖,2020-3-20,1.3M,"['#레진아트', '#취미', '#blackpink', '#uvレジン', '#ハンドメイド']",6334,https://www.tiktok.com/@junmom_handmade/video/6806151697577118977?q=%EC%B7%A8%EB%AF%B8
user_nowstop,옆집 누나를 몰래 훔쳐보면 생기는일,7-6,250,"['#옆집누나', '#섹십컨셉', '#1분', '#1분틱톡']",4,https://www.tiktok.com/@user_nowstop/video/7252610044972502274?q=%EC%B7%A8%EB%AF%B8
nasu_up,님에게 회신 단풍구경 다녀왔어??🍁,10-30,2970,"['#다이소추천템', '#나수']",19,https://www.tiktok.com/@nasu_up/video/7295541800759004434?q=%EC%B7%A8%EB%AF%B8
danah__art,구름이좋은걸☁️,2021-8-20,183.4K,"['#구름', '#acrylicpainting', '#힐링영상', '#취미미술', '#그림', '#art', '#artist']",511,https://www.tiktok.com/@danah__art/video/6998475212937317633?q=%EC%B7%A8%EB%AF%B8
coax_illust,배라 아이스크림 의인화!,2022-6-22,56.1K,"['#배스킨라빈스', '#배라', '#그림잘그리는법', '#그림꿀팁', '#취미미술', '#일러스트']",112,https://www.tiktok.com/@coax_illust/video/7111999536972827905?q=%EC%B7%A8%EB%AF%B8
shin_sajang93,ㅣ이건 진짜 너무 힘들어요🥺 아직도 구석에 있어요ㅎㅎ,2020-12-8,159K,['#취미생활'],585,https://www.tiktok.com/@shin_sajang93/video/6903806438041341185?q=%EC%B7%A8%EB%AF%B8
user2707003726118,보기와는 다르게 취미가 많은 신민아,5일 전,76,"['#신민아', '#요정재형']",0,https://www.tiktok.com/@user2707003726118/video/7306701560606772481?q=%EC%B7%A8%EB%AF%B8
deokbae0510,"이 외에도 고양이 티셔츠, 멋쟁이 선글라스 등등도 있음",2022-8-5,18.3K,[],241,https://www.tiktok.com/@deokbae0510/video/7128326006628240642?q=%EC%B7%A8%EB%AF%B8
30622290657,youtube channel : RC ICORT,2018-10-9,622.6K,"['#오프로드', '#rc', '#꿀잼', '#취미', '#Jeep', '#cherokee']",603,https://www.tiktok.com/@MS4wLjABAAAAX9bQegw85tFMJMXYrMbw_YuBXWFVjtuAfQ1-MBJ-mLHvQk1515ojJBFH-iltCGLj/video/6610165450875604225?q=%EC%B7%A8%EB%AF%B8
sizuse,님에게 회신 해외여행 다녀오느라 답변이 좀 늦었어요😅 도움이 되시길!,1-18,11.3K,"['#모래시계', '#취미생활']",29,https://www.tiktok.com/@sizuse/video/7189834616373611778?q=%EC%B7%A8%EB%AF%B8
kkonya_tv,엄마가 취미로 하시던 비즈를 물려받았어요. 비즈 초보의 첫 작품은 화이트 진주 비즈반지💍 색깔이 너무 다양해서 못고르겠어요ㅎㅎ,2021-1-2,26.8K,[],335,https://www.tiktok.com/@kkonya_tv/video/6913041242485968130?q=%EC%B7%A8%EB%AF%B8
boseoki4990,🌈진짜로 요즘 애들 이 단어 모른다고? 테스트해 보세요~☺️ 저는 옛날사람인데 두개 몰라요 ㅜ,7-2,11.3K,"['#재미', '#꿀팁']",607,https://www.tiktok.com/@boseoki4990/video/7251073119945854210?q=%EC%B7%A8%EB%AF%B8
yu.kimii,[],8-19,66.1K,['#글램룩'],0,https://www.tiktok.com/@yu.kimii/video/7268930756922068226?q=%EC%B7%A8%EB%AF%B8
_la.key,대학생 기타 ASMR,7-5,406,"['#버추얼휴먼', '#가상인간', '#버추얼휴먼락희', '#kpop', '#기타', '#기타연주']",2,https://www.tiktok.com/@_la.key/video/7252143532742348039?q=%EC%B7%A8%EB%AF%B8
ox_zung,🤪🤪🤪,6-19,1.5M,"['#추천', '#fyp', '#viral']",7259,https://www.tiktok.com/@ox_zung/video/7246260242466622721?q=%EC%B7%A8%EB%AF%B8
coooon02,08년생이 취미로 더빙한 엘리멘탈 한국어 버전 {1인 다역},7-7,3900,"['#엘리멘탈', '#엘리멘탈더빙', '#디즈니', '#픽사']",47,https://www.tiktok.com/@coooon02/video/7252979313711090945?q=%EC%B7%A8%EB%AF%B8
mookij44,개부럽네... 출처/자영업자스토리https://youtu.be/LqYwPeQg250,2022-6-18,6162,"['#자영업자스토리', '#뻘컵', '#범맥주', '#자수성가']",93,https://www.tiktok.com/@mookij44/video/7110483865944296706?q=%EC%B7%A8%EB%AF%B8
shin_sajang93,ㅣ집중하기에 최고👍,2022-3-12,602.7K,"['#신사장토이', '#취미생활']",1092,https://www.tiktok.com/@shin_sajang93/video/7074170541774605569?q=%EC%B7%A8%EB%AF%B8
chong9524,할거없어서 심심한 당신을 위해••,10-10,422,"['#프립', '#취미추천']",4,https://www.tiktok.com/@chong9524/video/7288214312139623681?q=%EC%B7%A8%EB%AF%B8
userv57ppai7cv,여자들이 싫어하는 남자 취미 TOP 8,10-11,4740,"['#추천', '#틱톡교실', '#tiktok', '#funny', '#유머', '#예능', '#코미디']",478,https://www.tiktok.com/@userv57ppai7cv/video/7286919502783139080?q=%EC%B7%A8%EB%AF%B8
yeoneutte,모두 다이소에서 살 수 있는 재료로 만들었어요 ✨🤍,2021-4-2,6318,"['#방꾸미기', '#취미생활', '#fyp', '#추천뜨면말해주기']",94,https://www.tiktok.com/@yeoneutte/video/6946406732344102145?q=%EC%B7%A8%EB%AF%B8
atelier_macaron,미술 재료 추천💕😣 하도 많이 물어봐서 싹 정리했오,2022-4-3,5206,"['#메이저스', '#틱톡쌤', '#틱톡교실', '#틱톡교육']",22,https://www.tiktok.com/@atelier_macaron/video/7082282849994411266?q=%EC%B7%A8%EB%AF%B8
goodmatetravel,,2021-7-12,23.9K,"['#pov', '#blinddate', '#learnkorean']",92,https://www.tiktok.com/@goodmatetravel/video/6983908548837215490?q=%EC%B7%A8%EB%AF%B8
chorantok,3천원짜리 다이소 자이언트얀 현재 상황!🧶 취미생활로 자이언트얀 만들기 어떠세요? 만들기 영상은 초란 계정에서 확인해 보기💚,9-15,705,[],7,https://www.tiktok.com/@chorantok/video/7278977992003554561?q=%EC%B7%A8%EB%AF%B8
lovejuly7,이 빗 들고다니면 인싸됨 진짜!!,4-13,737,"['#만들기', '#인싸', '#틱톡', '#diy', '#우정템', '#추천']",25,https://www.tiktok.com/@lovejuly7/video/7221423032445799682?q=%EC%B7%A8%EB%AF%B8
venom_iris,취미로 밴드 동아리에 보탬 되기 ..ᵔᴥᵔ,7-17,1453,"['#그림', '#일러스트', '#취미', '#04', '#04년생', '#art', '#ilustration']",9,https://www.tiktok.com/@venom_iris/video/7256791020900191490?q=%EC%B7%A8%EB%AF%B8
sun_a02,카페 사장님의 은밀한 취미,2022-4-7,1051,['#fyp'],32,https://www.tiktok.com/@sun_a02/video/7083771123887852801?q=%EC%B7%A8%EB%AF%B8
shin_sajang93,ㅣ카트하느라 바빠서 못 했던 3D펜을 했슴돠🥳,2020-6-22,1M,"['#취미생활', '#신사장의도전']",3485,https://www.tiktok.com/@shin_sajang93/video/6841061539269692674?q=%EC%B7%A8%EB%AF%B8
sso.tteokk,,2022-10-11,16K,"['#틱톡순삭', '#틱톡순삭별들의미션', '#부부틱톡']",26,https://www.tiktok.com/@sso.tteokk/video/7153186319525481729?q=%EC%B7%A8%EB%AF%B8
danah__art,몽글몽글..☕️,2022-2-17,11.2K,"['#아크릴화', '#그림', '#취미미술', '#acrylicpainting', '#clouds', '#pinksky']",18,https://www.tiktok.com/@danah__art/video/7065542012690287874?q=%EC%B7%A8%EB%AF%B8
snowmant188,수행평가 취미생활 저글링 레슨 📍올림픽공원 평화의광장,9-26,365,"['#서울', '#핫플추천', '#취미추천']",5,https://www.tiktok.com/@snowmant188/video/7282796341808434433?q=%EC%B7%A8%EB%AF%B8
plum_sleepy,,2022-12-7,5084,"['#bl', '#fyp', '#ㅊㅊ', '#추천']",44,https://www.tiktok.com/@plum_sleepy/video/7174316748844453122?q=%EC%B7%A8%EB%AF%B8
playlist_studio,꿈에도 몰랐던,2020-9-23,9375,"['#썸녀', '#채다희', '#김우석', '#트웬티트웬티', '#twentytwenty']",56,https://www.tiktok.com/@playlist_studio/video/6875627555374877953?q=%EC%B7%A8%EB%AF%B8
forlovemind,여자가 남자에게 관심있을때 무조건 이렇게 한다,3-8,18.7K,"['#짝사랑', '#짝사랑중', '#여자가남자를좋아할때하는행동']",116,https://www.tiktok.com/@forlovemind/video/7208112647747718401?q=%EC%B7%A8%EB%AF%B8
march._333,여고 전교회장의 은밀한 취미생활,2022-9-16,54.3K,"['#추천', '#추천뜨면알려주세요', '#여고', '#', '#버스킹', '#전교회장']",320,https://www.tiktok.com/@march._333/video/7143899368964377858?q=%EC%B7%A8%EB%AF%B8
dive_.jisu,나의 4~11살 장래희망 변화,2022-9-27,396,"['#슈리', '#추천추천추천추천추천추천추천추천추천추천']",5,https://www.tiktok.com/@dive_.jisu/video/7148057930040904962?q=%EC%B7%A8%EB%AF%B8
ddoyoonpapa,회장님의 취미생활,2021-11-17,9732,[],13,https://www.tiktok.com/@ddoyoonpapa/video/7031386094784548098?q=%EC%B7%A8%EB%AF%B8
junyewon0529,22살 인생 첫 뮤지컬 관람기!! ❤️,9-26,1954,"['#핫플추천', '#브이로그', '#뮤지컬']",24,https://www.tiktok.com/@junyewon0529/video/7283086566023646471?q=%EC%B7%A8%EB%AF%B8
yejiroomarimba,나만의 오타쿠 덕질 가죽 다이어리 만들기!,10-1,2726,"['#덕질로그', '#핫플추천', '#서울', '#프립', '#취미추천']",22,https://www.tiktok.com/@yejiroomarimba/video/7284856199768444167?q=%EC%B7%A8%EB%AF%B8
introducecelebrity,특이한 취미를 가진 유명 연예인들,8-17,38,['#레전드'],1,https://www.tiktok.com/@introducecelebrity/video/7268237934782893320?q=%EC%B7%A8%EB%AF%B8
1minsranking_,위험천만한 '바이크' 를 취미로 즐긴다고 소문난 유명 연예인들,9-26,71,[],3,https://www.tiktok.com/@1minsranking_/video/7281941841023438113?q=%EC%B7%A8%EB%AF%B8
l_ovehean,취미 드린이 🥁 태연(taeyeon)-Weekend,2022-7-1,3235,"['#weekend', '#taeyeon', '#drum']",30,https://www.tiktok.com/@l_ovehean/video/7115360367437516033?q=%EC%B7%A8%EB%AF%B8
sulmagition,남자 자취방에 어항두면 안되는 이유 ㅋㅋㅋ,9-17,6672,[],81,https://www.tiktok.com/@sulmagition/video/7278482303955832066?q=%EC%B7%A8%EB%AF%B8
junmom_handmade,커플템♡,2022-6-3,1534,"['#레진아트', '#resinart', '#レジンアート', '#라이징히어로', '#여름준비템', '#취미생활', '#lifeinkorea']",10,https://www.tiktok.com/@junmom_handmade/video/7104821432986750209?q=%EC%B7%A8%EB%AF%B8
samesame3321,집콕 추천 취미,2022-8-6,334,"['#집콕', '#취미', '#거울', '#도자기', '#추천간판']",1,https://www.tiktok.com/@samesame3321/video/7128773735137479937?q=%EC%B7%A8%EB%AF%B8
deliciouskorean,[Hobby-2] 😼 Hobby 🤾🏻  in Korean🇰🇷 | Daily Korean Vocabulary . 🏷️,10-18,12K,"['#learnkorean', '#howtospeakkorean']",78,https://www.tiktok.com/@deliciouskorean/video/7291114258732027143?q=%EC%B7%A8%EB%AF%B8
oneroommake,1월에 가장 인기 많았던 자취템 순위💙,2-1,104.2K,"['#원룸만들기', '#원룸꾸미기', '#자취생', '#자취', '#자취방', '#집순이']",294,https://www.tiktok.com/@oneroommake/video/7195125306980699394?q=%EC%B7%A8%EB%AF%B8
chong9524,생에 첫 클라이밍 조지기,7-30,2337,"['#프립', '#서울', '#핫플추천']",11,https://www.tiktok.com/@chong9524/video/7261515995771129096?q=%EC%B7%A8%EB%AF%B8
dingo__official,취미 234421개라는 유노윤호 근황ㅋㅋㅋ #동대표 #유노윤호 #딩고 #동방신기 #코스프레 #원피스 #로우 #유머 #유머짤 #유머클립 #웃짤 #웃긴영상 #유머저장소 #하이라이트 #idol #kpop #이슈 #핫이슈 #엔터 #엔터테인먼트,11-9,66,"['#동대표', '#유노윤호', '#딩고', '#동방신기', '#코스프레', '#원피스', '#로우', '#유머', '#유머짤', '#유머클립', '#웃짤', '#웃긴영상', '#유머저장소', '#하이라이트', '#idol', '#kpop', '#이슈', '#핫이슈', '#엔터', '#엔터테인먼트']",9,https://www.tiktok.com/@dingo__official/video/7299343845345463570?q=%EC%B7%A8%EB%AF%B8
spr__dy,나 제과제빵 학원 11개월 다녔는데 궁금한거 다 물어봐!!,8-5,1233,"['#제과제빵', '#제과기능사', '#제빵기능사', '#제빵왕김탁구']",180,https://www.tiktok.com/@spr__dy/video/7263705759513464072?q=%EC%B7%A8%EB%AF%B8
hansal___,나는 솔로 14기 지원합니다.,2-24,140.7K,"['#남매', '#누나', '#틱톡순삭', '#파트너크리에이터', '#결례', '#과장님']",702,https://www.tiktok.com/@hansal___/video/7203707066303646977?q=%EC%B7%A8%EB%AF%B8
on.e1_wo0,애기한테 한방 먹은 전원우ㅋㅋㅋㅋㅋㅋ,10-26,42.4K,"['#seventeen', '#추천', '#fyp']",225,https://www.tiktok.com/@on.e1_wo0/video/7294227067506412801?q=%EC%B7%A8%EB%AF%B8
each.story,진짜,2022-5-7,6260,"['#다이소추천템', '#추천', '#취미', '#틱톡순삭']",30,https://www.tiktok.com/@each.story/video/7094916299800841474?q=%EC%B7%A8%EB%AF%B8
